frames,auprc,brier,p@_100,p@_500,p@_1000,p@_2000,p@_4943,auprc_total,brier_total
0-1,0.9999962384688819,0.10793429961561804,1.0,1.0,1.0,1.0,0.9890754602468137,0.999998746018385,0.10852721774900534
1-2,0.9999994177072392,0.11571147865668624,1.0,1.0,1.0,1.0,0.9925146672061501,0.999998746018385,0.10852721774900534
2-3,0.9999999168372024,0.10193587497471171,1.0,1.0,1.0,1.0,0.9919077483309731,0.999998746018385,0.10852721774900534
Mean,0.9999985243377746,0.10852721774900533,1.0,1.0,1.0,1.0,0.9911659585946456,0.999998746018385,0.10852721774900535
Max,0.9999999168372024,0.11571147865668624,1.0,1.0,1.0,1.0,0.9925146672061501,0.999998746018385,0.10852721774900534
