frames,auprc,brier,p@_100,p@_500,p@_574,auprc_total,brier_total
0-1,0.9999999999999999,0.027257825783972126,1.0,1.0,1.0,1.0,0.03201016085946574
1-2,1.0,0.034530599303135893,1.0,1.0,1.0,1.0,0.03201016085946574
2-3,0.9999999999999999,0.0342420574912892,1.0,1.0,1.0,1.0,0.03201016085946574
Mean,1.0,0.03201016085946574,1.0,1.0,1.0,1.0,0.03201016085946574
Max,1.0,0.034530599303135893,1.0,1.0,1.0,1.0,0.03201016085946574
